{"stats":{"minecraft:used":{"minecraft:chicken_spawn_egg":21,"minecraft:dirt":2},"minecraft:custom":{"minecraft:jump":82,"minecraft:time_since_rest":4133,"minecraft:damage_dealt":20,"minecraft:damage_taken":50,"minecraft:crouch_one_cm":142,"minecraft:leave_game":1,"minecraft:play_time":4133,"minecraft:sprint_one_cm":10104,"minecraft:time_since_death":4133,"minecraft:walk_on_water_one_cm":1346,"minecraft:walk_one_cm":1107,"minecraft:sneak_time":17,"minecraft:total_world_time":4133,"minecraft:walk_under_water_one_cm":1068,"minecraft:swim_one_cm":5477,"minecraft:fall_one_cm":4148,"minecraft:fly_one_cm":35176}},"DataVersion":3463}