{"stats":{"minecraft:used":{"minecraft:chicken_spawn_egg":441,"minecraft:stone":1,"minecraft:dirt":2},"minecraft:custom":{"minecraft:jump":86,"minecraft:deaths":1,"minecraft:time_since_rest":3534,"minecraft:damage_dealt":20,"minecraft:damage_taken":50,"minecraft:crouch_one_cm":142,"minecraft:leave_game":2,"minecraft:play_time":11421,"minecraft:sprint_one_cm":10104,"minecraft:time_since_death":3506,"minecraft:walk_on_water_one_cm":1346,"minecraft:walk_one_cm":8966,"minecraft:sneak_time":41,"minecraft:total_world_time":11421,"minecraft:walk_under_water_one_cm":1068,"minecraft:swim_one_cm":5477,"minecraft:fall_one_cm":4148,"minecraft:fly_one_cm":134590},"minecraft:picked_up":{"minecraft:feather":248,"minecraft:chicken":232}},"DataVersion":3463}